Goal,Target,Indicator,SeriesCode,SeriesDescription,GeoAreaCode,GeoAreaName,TimePeriod,Value,Time_Detail,TimeCoverage,UpperBound,LowerBound,BasePeriod,Source,GeoInfoUrl,FootNote,[Age],[Location],[Nature],[Reporting Type],[Sex],[Units]
"1","1.1","1.1.1","SI_POV_DAY1","Proportion of population below international poverty line (%)","372","Ireland","1987","0.7","1987","","","","2017","Poverty and Inequality Portal, World Bank","","Accessed March 21, 2023. Based on data from SIDPUSS-LIS. Estimated from unit-record income data. ","ALLAGE","ALLAREA","G","G","BOTHSEX","PERCENT"
"1","1.1","1.1.1","SI_POV_DAY1","Proportion of population below international poverty line (%)","372","Ireland","1994","0.2","1994","","","","2017","Poverty and Inequality Portal, World Bank","","Accessed March 21, 2023. Based on data from LIS-ECHP-LIS. Estimated from unit-record income data. ","ALLAGE","ALLAREA","G","G","BOTHSEX","PERCENT"
"1","1.1","1.1.1","SI_POV_DAY1","Proportion of population below international poverty line (%)","372","Ireland","1995","0.2","1995","","","","2017","Poverty and Inequality Portal, World Bank","","Accessed March 21, 2023. Based on data from LIS-ECHP-LIS. Estimated from unit-record income data. ","ALLAGE","ALLAREA","G","G","BOTHSEX","PERCENT"
"1","1.1","1.1.1","SI_POV_DAY1","Proportion of population below international poverty line (%)","372","Ireland","1996","0.2","1996","","","","2017","Poverty and Inequality Portal, World Bank","","Accessed March 21, 2023. Based on data from LIS-ECHP-LIS. Estimated from unit-record income data. ","ALLAGE","ALLAREA","G","G","BOTHSEX","PERCENT"
"1","1.1","1.1.1","SI_POV_DAY1","Proportion of population below international poverty line (%)","372","Ireland","2000","0.2","2000","","","","2017","Poverty and Inequality Portal, World Bank","","Accessed March 21, 2023. Based on data from LIS-ECHP-LIS. Estimated from unit-record income data. ","ALLAGE","ALLAREA","G","G","BOTHSEX","PERCENT"
"1","1.1","1.1.1","SI_POV_DAY1","Proportion of population below international poverty line (%)","372","Ireland","2002","0.2","2002","","","","2017","Poverty and Inequality Portal, World Bank","","Accessed March 21, 2023. Based on data from SILC-LIS. Estimated from unit-record income data. ","ALLAGE","ALLAREA","G","G","BOTHSEX","PERCENT"
"1","1.1","1.1.1","SI_POV_DAY1","Proportion of population below international poverty line (%)","372","Ireland","2003","0.1","2003","","","","2017","Poverty and Inequality Portal, World Bank","","Accessed March 21, 2023. Based on data from EU-SILC. Estimated from unit-record income data. ","ALLAGE","ALLAREA","G","G","BOTHSEX","PERCENT"
"1","1.1","1.1.1","SI_POV_DAY1","Proportion of population below international poverty line (%)","372","Ireland","2003","0.08284","2003","","","","2017","Poverty and Inequality Portal, World Bank","","Accessed March 21, 2023. Survey name: EU-SILC","ALLAGE","RURAL","G","G","BOTHSEX","PERCENT"
"1","1.1","1.1.1","SI_POV_DAY1","Proportion of population below international poverty line (%)","372","Ireland","2003","0.20372","2003","","","","2017","Poverty and Inequality Portal, World Bank","","Accessed March 21, 2023. Survey name: EU-SILC","ALLAGE","URBAN","G","G","BOTHSEX","PERCENT"
"1","1.1","1.1.1","SI_POV_DAY1","Proportion of population below international poverty line (%)","372","Ireland","2003","0.08196","2003","","","","2017","Poverty and Inequality Portal, World Bank","","Accessed March 21, 2023. Survey name: EU-SILC","<15Y","ALLAREA","G","G","BOTHSEX","PERCENT"
"1","1.1","1.1.1","SI_POV_DAY1","Proportion of population below international poverty line (%)","372","Ireland","2003","0.18276","2003","","","","2017","Poverty and Inequality Portal, World Bank","","Accessed March 21, 2023. Survey name: EU-SILC","15-64","ALLAREA","G","G","BOTHSEX","PERCENT"
"1","1.1","1.1.1","SI_POV_DAY1","Proportion of population below international poverty line (%)","372","Ireland","2003","0.14236","2003","","","","2017","Poverty and Inequality Portal, World Bank","","Accessed March 21, 2023. Survey name: EU-SILC","65+","ALLAREA","G","G","BOTHSEX","PERCENT"
"1","1.1","1.1.1","SI_POV_DAY1","Proportion of population below international poverty line (%)","372","Ireland","2003","0.16409","2003","","","","2017","Poverty and Inequality Portal, World Bank","","Accessed March 21, 2023. Survey name: EU-SILC","ALLAGE","ALLAREA","G","G","FEMALE","PERCENT"
"1","1.1","1.1.1","SI_POV_DAY1","Proportion of population below international poverty line (%)","372","Ireland","2003","0.15181","2003","","","","2017","Poverty and Inequality Portal, World Bank","","Accessed March 21, 2023. Survey name: EU-SILC","ALLAGE","ALLAREA","G","G","MALE","PERCENT"
"1","1.1","1.1.1","SI_POV_DAY1","Proportion of population below international poverty line (%)","372","Ireland","2004","0.05891","2004","","","","2017","Poverty and Inequality Portal, World Bank","","Accessed March 21, 2023. Survey name: EU-SILC. Uses an income aggregate, which is not spatially deflated.","<15Y","ALLAREA","G","G","BOTHSEX","PERCENT"
"1","1.1","1.1.1","SI_POV_DAY1","Proportion of population below international poverty line (%)","372","Ireland","2004","0.1859","2004","","","","2017","Poverty and Inequality Portal, World Bank","","Accessed March 21, 2023. Survey name: EU-SILC. Uses an income aggregate, which is not spatially deflated.","15-64","ALLAREA","G","G","BOTHSEX","PERCENT"
"1","1.1","1.1.1","SI_POV_DAY1","Proportion of population below international poverty line (%)","372","Ireland","2004","0.17178","2004","","","","2017","Poverty and Inequality Portal, World Bank","","Accessed March 21, 2023. Survey name: EU-SILC. Uses an income aggregate, which is not spatially deflated.","65+","ALLAREA","G","G","BOTHSEX","PERCENT"
"1","1.1","1.1.1","SI_POV_DAY1","Proportion of population below international poverty line (%)","372","Ireland","2004","0.15032","2004","","","","2017","Poverty and Inequality Portal, World Bank","","Accessed March 21, 2023. Survey name: EU-SILC. Uses an income aggregate, which is not spatially deflated.","ALLAGE","ALLAREA","G","G","FEMALE","PERCENT"
"1","1.1","1.1.1","SI_POV_DAY1","Proportion of population below international poverty line (%)","372","Ireland","2004","0.16786","2004","","","","2017","Poverty and Inequality Portal, World Bank","","Accessed March 21, 2023. Survey name: EU-SILC. Uses an income aggregate, which is not spatially deflated.","ALLAGE","ALLAREA","G","G","MALE","PERCENT"
"1","1.1","1.1.1","SI_POV_DAY1","Proportion of population below international poverty line (%)","372","Ireland","2004","0.27348","2004","","","","2017","Poverty and Inequality Portal, World Bank","","Accessed March 21, 2023. Survey name: EU-SILC. Uses an income aggregate, which is not spatially deflated.","ALLAGE","RURAL","G","G","BOTHSEX","PERCENT"
"1","1.1","1.1.1","SI_POV_DAY1","Proportion of population below international poverty line (%)","372","Ireland","2004","0.08878","2004","","","","2017","Poverty and Inequality Portal, World Bank","","Accessed March 21, 2023. Survey name: EU-SILC. Uses an income aggregate, which is not spatially deflated.","ALLAGE","URBAN","G","G","BOTHSEX","PERCENT"
"1","1.1","1.1.1","SI_POV_DAY1","Proportion of population below international poverty line (%)","372","Ireland","2004","0.1","2004","","","","2017","Poverty and Inequality Portal, World Bank","","Accessed March 21, 2023. Based on data from EU-SILC. Estimated from unit-record income data. ","ALLAGE","ALLAREA","G","G","BOTHSEX","PERCENT"
"1","1.1","1.1.1","SI_POV_DAY1","Proportion of population below international poverty line (%)","372","Ireland","2005","0","2005","","","","2017","Poverty and Inequality Portal, World Bank","","Accessed March 21, 2023. Based on data from EU-SILC. Estimated from unit-record income data. ","ALLAGE","ALLAREA","G","G","BOTHSEX","PERCENT"
"1","1.1","1.1.1","SI_POV_DAY1","Proportion of population below international poverty line (%)","372","Ireland","2005","0.03139","2005","","","","2017","Poverty and Inequality Portal, World Bank","","Accessed March 21, 2023. Survey name: EU-SILC. Uses an income aggregate, which is not spatially deflated.","15-64","ALLAREA","G","G","BOTHSEX","PERCENT"
"1","1.1","1.1.1","SI_POV_DAY1","Proportion of population below international poverty line (%)","372","Ireland","2005","0.03699","2005","","","","2017","Poverty and Inequality Portal, World Bank","","Accessed March 21, 2023. Survey name: EU-SILC. Uses an income aggregate, which is not spatially deflated.","65+","ALLAREA","G","G","BOTHSEX","PERCENT"
"1","1.1","1.1.1","SI_POV_DAY1","Proportion of population below international poverty line (%)","372","Ireland","2005","0.02371","2005","","","","2017","Poverty and Inequality Portal, World Bank","","Accessed March 21, 2023. Survey name: EU-SILC. Uses an income aggregate, which is not spatially deflated.","ALLAGE","ALLAREA","G","G","FEMALE","PERCENT"
"1","1.1","1.1.1","SI_POV_DAY1","Proportion of population below international poverty line (%)","372","Ireland","2005","0.03108","2005","","","","2017","Poverty and Inequality Portal, World Bank","","Accessed March 21, 2023. Survey name: EU-SILC. Uses an income aggregate, which is not spatially deflated.","ALLAGE","ALLAREA","G","G","MALE","PERCENT"
"1","1.1","1.1.1","SI_POV_DAY1","Proportion of population below international poverty line (%)","372","Ireland","2005","0.0407","2005","","","","2017","Poverty and Inequality Portal, World Bank","","Accessed March 21, 2023. Survey name: EU-SILC. Uses an income aggregate, which is not spatially deflated.","ALLAGE","RURAL","G","G","BOTHSEX","PERCENT"
"1","1.1","1.1.1","SI_POV_DAY1","Proportion of population below international poverty line (%)","372","Ireland","2005","0.01942","2005","","","","2017","Poverty and Inequality Portal, World Bank","","Accessed March 21, 2023. Survey name: EU-SILC. Uses an income aggregate, which is not spatially deflated.","ALLAGE","URBAN","G","G","BOTHSEX","PERCENT"
"1","1.1","1.1.1","SI_POV_DAY1","Proportion of population below international poverty line (%)","372","Ireland","2005","0.00774","2005","","","","2017","Poverty and Inequality Portal, World Bank","","Accessed March 21, 2023. Survey name: EU-SILC. Uses an income aggregate, which is not spatially deflated.","<15Y","ALLAREA","G","G","BOTHSEX","PERCENT"
"1","1.1","1.1.1","SI_POV_DAY1","Proportion of population below international poverty line (%)","372","Ireland","2006","0.05658","2006","","","","2017","Poverty and Inequality Portal, World Bank","","Accessed March 21, 2023. Survey name: EU-SILC. Uses an income aggregate, which is not spatially deflated.","ALLAGE","RURAL","G","G","BOTHSEX","PERCENT"
"1","1.1","1.1.1","SI_POV_DAY1","Proportion of population below international poverty line (%)","372","Ireland","2006","0.60204","2006","","","","2017","Poverty and Inequality Portal, World Bank","","Accessed March 21, 2023. Survey name: EU-SILC. Uses an income aggregate, which is not spatially deflated.","ALLAGE","URBAN","G","G","BOTHSEX","PERCENT"
"1","1.1","1.1.1","SI_POV_DAY1","Proportion of population below international poverty line (%)","372","Ireland","2006","0","2006","","","","2017","Poverty and Inequality Portal, World Bank","","Accessed March 21, 2023. Survey name: EU-SILC. Uses an income aggregate, which is not spatially deflated.","<15Y","ALLAREA","G","G","BOTHSEX","PERCENT"
"1","1.1","1.1.1","SI_POV_DAY1","Proportion of population below international poverty line (%)","372","Ireland","2006","0.57157","2006","","","","2017","Poverty and Inequality Portal, World Bank","","Accessed March 21, 2023. Survey name: EU-SILC. Uses an income aggregate, which is not spatially deflated.","15-64","ALLAREA","G","G","BOTHSEX","PERCENT"
"1","1.1","1.1.1","SI_POV_DAY1","Proportion of population below international poverty line (%)","372","Ireland","2006","0.04013","2006","","","","2017","Poverty and Inequality Portal, World Bank","","Accessed March 21, 2023. Survey name: EU-SILC. Uses an income aggregate, which is not spatially deflated.","65+","ALLAREA","G","G","BOTHSEX","PERCENT"
"1","1.1","1.1.1","SI_POV_DAY1","Proportion of population below international poverty line (%)","372","Ireland","2006","0.36409","2006","","","","2017","Poverty and Inequality Portal, World Bank","","Accessed March 21, 2023. Survey name: EU-SILC. Uses an income aggregate, which is not spatially deflated.","ALLAGE","ALLAREA","G","G","FEMALE","PERCENT"
"1","1.1","1.1.1","SI_POV_DAY1","Proportion of population below international poverty line (%)","372","Ireland","2006","0.43688","2006","","","","2017","Poverty and Inequality Portal, World Bank","","Accessed March 21, 2023. Survey name: EU-SILC. Uses an income aggregate, which is not spatially deflated.","ALLAGE","ALLAREA","G","G","MALE","PERCENT"
"1","1.1","1.1.1","SI_POV_DAY1","Proportion of population below international poverty line (%)","372","Ireland","2006","0.4","2006","","","","2017","Poverty and Inequality Portal, World Bank","","Accessed March 21, 2023. Based on data from EU-SILC. Estimated from unit-record income data. ","ALLAGE","ALLAREA","G","G","BOTHSEX","PERCENT"
"1","1.1","1.1.1","SI_POV_DAY1","Proportion of population below international poverty line (%)","372","Ireland","2007","0.1","2007","","","","2017","Poverty and Inequality Portal, World Bank","","Accessed March 21, 2023. Based on data from EU-SILC. Estimated from unit-record income data. ","ALLAGE","ALLAREA","G","G","BOTHSEX","PERCENT"
"1","1.1","1.1.1","SI_POV_DAY1","Proportion of population below international poverty line (%)","372","Ireland","2007","0","2007","","","","2017","Poverty and Inequality Portal, World Bank","","Accessed March 21, 2023. Survey name: EU-SILC. Uses an income aggregate, which is not spatially deflated.","<15Y","ALLAREA","G","G","BOTHSEX","PERCENT"
"1","1.1","1.1.1","SI_POV_DAY1","Proportion of population below international poverty line (%)","372","Ireland","2007","0.1288","2007","","","","2017","Poverty and Inequality Portal, World Bank","","Accessed March 21, 2023. Survey name: EU-SILC. Uses an income aggregate, which is not spatially deflated.","15-64","ALLAREA","G","G","BOTHSEX","PERCENT"
"1","1.1","1.1.1","SI_POV_DAY1","Proportion of population below international poverty line (%)","372","Ireland","2007","0.18923","2007","","","","2017","Poverty and Inequality Portal, World Bank","","Accessed March 21, 2023. Survey name: EU-SILC. Uses an income aggregate, which is not spatially deflated.","65+","ALLAREA","G","G","BOTHSEX","PERCENT"
"1","1.1","1.1.1","SI_POV_DAY1","Proportion of population below international poverty line (%)","372","Ireland","2007","0.12273","2007","","","","2017","Poverty and Inequality Portal, World Bank","","Accessed March 21, 2023. Survey name: EU-SILC. Uses an income aggregate, which is not spatially deflated.","ALLAGE","ALLAREA","G","G","FEMALE","PERCENT"
"1","1.1","1.1.1","SI_POV_DAY1","Proportion of population below international poverty line (%)","372","Ireland","2007","0.09789","2007","","","","2017","Poverty and Inequality Portal, World Bank","","Accessed March 21, 2023. Survey name: EU-SILC. Uses an income aggregate, which is not spatially deflated.","ALLAGE","ALLAREA","G","G","MALE","PERCENT"
"1","1.1","1.1.1","SI_POV_DAY1","Proportion of population below international poverty line (%)","372","Ireland","2007","0.08815","2007","","","","2017","Poverty and Inequality Portal, World Bank","","Accessed March 21, 2023. Survey name: EU-SILC. Uses an income aggregate, which is not spatially deflated.","ALLAGE","RURAL","G","G","BOTHSEX","PERCENT"
"1","1.1","1.1.1","SI_POV_DAY1","Proportion of population below international poverty line (%)","372","Ireland","2007","0.12357","2007","","","","2017","Poverty and Inequality Portal, World Bank","","Accessed March 21, 2023. Survey name: EU-SILC. Uses an income aggregate, which is not spatially deflated.","ALLAGE","URBAN","G","G","BOTHSEX","PERCENT"
"1","1.1","1.1.1","SI_POV_DAY1","Proportion of population below international poverty line (%)","372","Ireland","2008","0.00877","2008","","","","2017","Poverty and Inequality Portal, World Bank","","Accessed March 21, 2023. Survey name: EU-SILC. Uses an income aggregate, which is not spatially deflated.","<15Y","ALLAREA","G","G","BOTHSEX","PERCENT"
"1","1.1","1.1.1","SI_POV_DAY1","Proportion of population below international poverty line (%)","372","Ireland","2008","0.24606","2008","","","","2017","Poverty and Inequality Portal, World Bank","","Accessed March 21, 2023. Survey name: EU-SILC. Uses an income aggregate, which is not spatially deflated.","15-64","ALLAREA","G","G","BOTHSEX","PERCENT"
"1","1.1","1.1.1","SI_POV_DAY1","Proportion of population below international poverty line (%)","372","Ireland","2008","0.12908","2008","","","","2017","Poverty and Inequality Portal, World Bank","","Accessed March 21, 2023. Survey name: EU-SILC. Uses an income aggregate, which is not spatially deflated.","65+","ALLAREA","G","G","BOTHSEX","PERCENT"
"1","1.1","1.1.1","SI_POV_DAY1","Proportion of population below international poverty line (%)","372","Ireland","2008","0.22182","2008","","","","2017","Poverty and Inequality Portal, World Bank","","Accessed March 21, 2023. Survey name: EU-SILC. Uses an income aggregate, which is not spatially deflated.","ALLAGE","URBAN","G","G","BOTHSEX","PERCENT"
"1","1.1","1.1.1","SI_POV_DAY1","Proportion of population below international poverty line (%)","372","Ireland","2008","0.12341","2008","","","","2017","Poverty and Inequality Portal, World Bank","","Accessed March 21, 2023. Survey name: EU-SILC. Uses an income aggregate, which is not spatially deflated.","ALLAGE","RURAL","G","G","BOTHSEX","PERCENT"
"1","1.1","1.1.1","SI_POV_DAY1","Proportion of population below international poverty line (%)","372","Ireland","2008","0.26515","2008","","","","2017","Poverty and Inequality Portal, World Bank","","Accessed March 21, 2023. Survey name: EU-SILC. Uses an income aggregate, which is not spatially deflated.","ALLAGE","ALLAREA","G","G","MALE","PERCENT"
"1","1.1","1.1.1","SI_POV_DAY1","Proportion of population below international poverty line (%)","372","Ireland","2008","0.10509","2008","","","","2017","Poverty and Inequality Portal, World Bank","","Accessed March 21, 2023. Survey name: EU-SILC. Uses an income aggregate, which is not spatially deflated.","ALLAGE","ALLAREA","G","G","FEMALE","PERCENT"
"1","1.1","1.1.1","SI_POV_DAY1","Proportion of population below international poverty line (%)","372","Ireland","2008","0.2","2008","","","","2017","Poverty and Inequality Portal, World Bank","","Accessed March 21, 2023. Based on data from EU-SILC. Estimated from unit-record income data. ","ALLAGE","ALLAREA","G","G","BOTHSEX","PERCENT"
"1","1.1","1.1.1","SI_POV_DAY1","Proportion of population below international poverty line (%)","372","Ireland","2009","0.5","2009","","","","2017","Poverty and Inequality Portal, World Bank","","Accessed March 21, 2023. Based on data from EU-SILC. Estimated from unit-record income data. ","ALLAGE","ALLAREA","G","G","BOTHSEX","PERCENT"
"1","1.1","1.1.1","SI_POV_DAY1","Proportion of population below international poverty line (%)","372","Ireland","2009","0.64008","2009","","","","2017","Poverty and Inequality Portal, World Bank","","Accessed March 21, 2023. Survey name: EU-SILC. Uses an income aggregate, which is not spatially deflated.","ALLAGE","ALLAREA","G","G","FEMALE","PERCENT"
"1","1.1","1.1.1","SI_POV_DAY1","Proportion of population below international poverty line (%)","372","Ireland","2009","0.78545","2009","","","","2017","Poverty and Inequality Portal, World Bank","","Accessed March 21, 2023. Survey name: EU-SILC. Uses an income aggregate, which is not spatially deflated.","ALLAGE","ALLAREA","G","G","MALE","PERCENT"
"1","1.1","1.1.1","SI_POV_DAY1","Proportion of population below international poverty line (%)","372","Ireland","2009","0.58451","2009","","","","2017","Poverty and Inequality Portal, World Bank","","Accessed March 21, 2023. Survey name: EU-SILC. Uses an income aggregate, which is not spatially deflated.","ALLAGE","RURAL","G","G","BOTHSEX","PERCENT"
"1","1.1","1.1.1","SI_POV_DAY1","Proportion of population below international poverty line (%)","372","Ireland","2009","0.79442","2009","","","","2017","Poverty and Inequality Portal, World Bank","","Accessed March 21, 2023. Survey name: EU-SILC. Uses an income aggregate, which is not spatially deflated.","ALLAGE","URBAN","G","G","BOTHSEX","PERCENT"
"1","1.1","1.1.1","SI_POV_DAY1","Proportion of population below international poverty line (%)","372","Ireland","2009","0.33969","2009","","","","2017","Poverty and Inequality Portal, World Bank","","Accessed March 21, 2023. Survey name: EU-SILC. Uses an income aggregate, which is not spatially deflated.","<15Y","ALLAREA","G","G","BOTHSEX","PERCENT"
"1","1.1","1.1.1","SI_POV_DAY1","Proportion of population below international poverty line (%)","372","Ireland","2009","0.82781","2009","","","","2017","Poverty and Inequality Portal, World Bank","","Accessed March 21, 2023. Survey name: EU-SILC. Uses an income aggregate, which is not spatially deflated.","15-64","ALLAREA","G","G","BOTHSEX","PERCENT"
"1","1.1","1.1.1","SI_POV_DAY1","Proportion of population below international poverty line (%)","372","Ireland","2009","0.70463","2009","","","","2017","Poverty and Inequality Portal, World Bank","","Accessed March 21, 2023. Survey name: EU-SILC. Uses an income aggregate, which is not spatially deflated.","65+","ALLAREA","G","G","BOTHSEX","PERCENT"
"1","1.1","1.1.1","SI_POV_DAY1","Proportion of population below international poverty line (%)","372","Ireland","2010","0","2010","","","","2017","Poverty and Inequality Portal, World Bank","","Accessed March 21, 2023. Survey name: EU-SILC. Uses an income aggregate, which is not spatially deflated.","<15Y","ALLAREA","G","G","BOTHSEX","PERCENT"
"1","1.1","1.1.1","SI_POV_DAY1","Proportion of population below international poverty line (%)","372","Ireland","2010","0.73819","2010","","","","2017","Poverty and Inequality Portal, World Bank","","Accessed March 21, 2023. Survey name: EU-SILC. Uses an income aggregate, which is not spatially deflated.","15-64","ALLAREA","G","G","BOTHSEX","PERCENT"
"1","1.1","1.1.1","SI_POV_DAY1","Proportion of population below international poverty line (%)","372","Ireland","2010","0.4016","2010","","","","2017","Poverty and Inequality Portal, World Bank","","Accessed March 21, 2023. Survey name: EU-SILC. Uses an income aggregate, which is not spatially deflated.","65+","ALLAREA","G","G","BOTHSEX","PERCENT"
"1","1.1","1.1.1","SI_POV_DAY1","Proportion of population below international poverty line (%)","372","Ireland","2010","0.38685","2010","","","","2017","Poverty and Inequality Portal, World Bank","","Accessed March 21, 2023. Survey name: EU-SILC. Uses an income aggregate, which is not spatially deflated.","ALLAGE","ALLAREA","G","G","FEMALE","PERCENT"
"1","1.1","1.1.1","SI_POV_DAY1","Proportion of population below international poverty line (%)","372","Ireland","2010","0.70185","2010","","","","2017","Poverty and Inequality Portal, World Bank","","Accessed March 21, 2023. Survey name: EU-SILC. Uses an income aggregate, which is not spatially deflated.","ALLAGE","ALLAREA","G","G","MALE","PERCENT"
"1","1.1","1.1.1","SI_POV_DAY1","Proportion of population below international poverty line (%)","372","Ireland","2010","0.42557","2010","","","","2017","Poverty and Inequality Portal, World Bank","","Accessed March 21, 2023. Survey name: EU-SILC. Uses an income aggregate, which is not spatially deflated.","ALLAGE","RURAL","G","G","BOTHSEX","PERCENT"
"1","1.1","1.1.1","SI_POV_DAY1","Proportion of population below international poverty line (%)","372","Ireland","2010","0.61591","2010","","","","2017","Poverty and Inequality Portal, World Bank","","Accessed March 21, 2023. Survey name: EU-SILC. Uses an income aggregate, which is not spatially deflated.","ALLAGE","URBAN","G","G","BOTHSEX","PERCENT"
"1","1.1","1.1.1","SI_POV_DAY1","Proportion of population below international poverty line (%)","372","Ireland","2010","0.5","2010","","","","2017","Poverty and Inequality Portal, World Bank","","Accessed March 21, 2023. Based on data from EU-SILC. Estimated from unit-record income data. ","ALLAGE","ALLAREA","G","G","BOTHSEX","PERCENT"
"1","1.1","1.1.1","SI_POV_DAY1","Proportion of population below international poverty line (%)","372","Ireland","2011","0.5","2011","","","","2017","Poverty and Inequality Portal, World Bank","","Accessed March 21, 2023. Based on data from EU-SILC. Estimated from unit-record income data. ","ALLAGE","ALLAREA","G","G","BOTHSEX","PERCENT"
"1","1.1","1.1.1","SI_POV_DAY1","Proportion of population below international poverty line (%)","372","Ireland","2011","0.08366","2011","","","","2017","Poverty and Inequality Portal, World Bank","","Accessed March 21, 2023. Survey name: EU-SILC. Uses an income aggregate, which is not spatially deflated.","<15Y","ALLAREA","G","G","BOTHSEX","PERCENT"
"1","1.1","1.1.1","SI_POV_DAY1","Proportion of population below international poverty line (%)","372","Ireland","2011","0.6706","2011","","","","2017","Poverty and Inequality Portal, World Bank","","Accessed March 21, 2023. Survey name: EU-SILC. Uses an income aggregate, which is not spatially deflated.","15-64","ALLAREA","G","G","BOTHSEX","PERCENT"
"1","1.1","1.1.1","SI_POV_DAY1","Proportion of population below international poverty line (%)","372","Ireland","2011","0.65755","2011","","","","2017","Poverty and Inequality Portal, World Bank","","Accessed March 21, 2023. Survey name: EU-SILC. Uses an income aggregate, which is not spatially deflated.","65+","ALLAREA","G","G","BOTHSEX","PERCENT"
"1","1.1","1.1.1","SI_POV_DAY1","Proportion of population below international poverty line (%)","372","Ireland","2011","0.40174","2011","","","","2017","Poverty and Inequality Portal, World Bank","","Accessed March 21, 2023. Survey name: EU-SILC. Uses an income aggregate, which is not spatially deflated.","ALLAGE","ALLAREA","G","G","FEMALE","PERCENT"
"1","1.1","1.1.1","SI_POV_DAY1","Proportion of population below international poverty line (%)","372","Ireland","2011","0.69121","2011","","","","2017","Poverty and Inequality Portal, World Bank","","Accessed March 21, 2023. Survey name: EU-SILC. Uses an income aggregate, which is not spatially deflated.","ALLAGE","ALLAREA","G","G","MALE","PERCENT"
"1","1.1","1.1.1","SI_POV_DAY1","Proportion of population below international poverty line (%)","372","Ireland","2011","0.59732","2011","","","","2017","Poverty and Inequality Portal, World Bank","","Accessed March 21, 2023. Survey name: EU-SILC. Uses an income aggregate, which is not spatially deflated.","ALLAGE","RURAL","G","G","BOTHSEX","PERCENT"
"1","1.1","1.1.1","SI_POV_DAY1","Proportion of population below international poverty line (%)","372","Ireland","2011","0.51095","2011","","","","2017","Poverty and Inequality Portal, World Bank","","Accessed March 21, 2023. Survey name: EU-SILC. Uses an income aggregate, which is not spatially deflated.","ALLAGE","URBAN","G","G","BOTHSEX","PERCENT"
"1","1.1","1.1.1","SI_POV_DAY1","Proportion of population below international poverty line (%)","372","Ireland","2012","0.43434","2012","","","","2017","Poverty and Inequality Portal, World Bank","","Accessed March 21, 2023. Survey name: EU-SILC. Uses an income aggregate, which is not spatially deflated.","15-64","ALLAREA","G","G","BOTHSEX","PERCENT"
"1","1.1","1.1.1","SI_POV_DAY1","Proportion of population below international poverty line (%)","372","Ireland","2012","0.3","2012","","","","2017","Poverty and Inequality Portal, World Bank","","Accessed March 21, 2023. Based on data from EU-SILC. Estimated from unit-record income data. ","ALLAGE","ALLAREA","G","G","BOTHSEX","PERCENT"
"1","1.1","1.1.1","SI_POV_DAY1","Proportion of population below international poverty line (%)","372","Ireland","2012","0","2012","","","","2017","Poverty and Inequality Portal, World Bank","","Accessed March 21, 2023. Survey name: EU-SILC. Uses an income aggregate, which is not spatially deflated.","<15Y","ALLAREA","G","G","BOTHSEX","PERCENT"
"1","1.1","1.1.1","SI_POV_DAY1","Proportion of population below international poverty line (%)","372","Ireland","2012","0.28409","2012","","","","2017","Poverty and Inequality Portal, World Bank","","Accessed March 21, 2023. Survey name: EU-SILC. Uses an income aggregate, which is not spatially deflated.","ALLAGE","RURAL","G","G","BOTHSEX","PERCENT"
"1","1.1","1.1.1","SI_POV_DAY1","Proportion of population below international poverty line (%)","372","Ireland","2012","0.28697","2012","","","","2017","Poverty and Inequality Portal, World Bank","","Accessed March 21, 2023. Survey name: EU-SILC. Uses an income aggregate, which is not spatially deflated.","ALLAGE","ALLAREA","G","G","MALE","PERCENT"
"1","1.1","1.1.1","SI_POV_DAY1","Proportion of population below international poverty line (%)","372","Ireland","2012","0.42963","2012","","","","2017","Poverty and Inequality Portal, World Bank","","Accessed March 21, 2023. Survey name: EU-SILC. Uses an income aggregate, which is not spatially deflated.","ALLAGE","ALLAREA","G","G","FEMALE","PERCENT"
"1","1.1","1.1.1","SI_POV_DAY1","Proportion of population below international poverty line (%)","372","Ireland","2012","0.56406","2012","","","","2017","Poverty and Inequality Portal, World Bank","","Accessed March 21, 2023. Survey name: EU-SILC. Uses an income aggregate, which is not spatially deflated.","65+","ALLAREA","G","G","BOTHSEX","PERCENT"
"1","1.1","1.1.1","SI_POV_DAY1","Proportion of population below international poverty line (%)","372","Ireland","2012","0.40795","2012","","","","2017","Poverty and Inequality Portal, World Bank","","Accessed March 21, 2023. Survey name: EU-SILC. Uses an income aggregate, which is not spatially deflated.","ALLAGE","URBAN","G","G","BOTHSEX","PERCENT"
"1","1.1","1.1.1","SI_POV_DAY1","Proportion of population below international poverty line (%)","372","Ireland","2013","0.94239","2013","","","","2017","Poverty and Inequality Portal, World Bank","","Accessed March 21, 2023. Survey name: EU-SILC. Uses an income aggregate, which is not spatially deflated.","65+","ALLAREA","G","G","BOTHSEX","PERCENT"
"1","1.1","1.1.1","SI_POV_DAY1","Proportion of population below international poverty line (%)","372","Ireland","2013","0.02946","2013","","","","2017","Poverty and Inequality Portal, World Bank","","Accessed March 21, 2023. Survey name: EU-SILC. Uses an income aggregate, which is not spatially deflated.","<15Y","ALLAREA","G","G","BOTHSEX","PERCENT"
"1","1.1","1.1.1","SI_POV_DAY1","Proportion of population below international poverty line (%)","372","Ireland","2013","0.88692","2013","","","","2017","Poverty and Inequality Portal, World Bank","","Accessed March 21, 2023. Survey name: EU-SILC. Uses an income aggregate, which is not spatially deflated.","15-64","ALLAREA","G","G","BOTHSEX","PERCENT"
"1","1.1","1.1.1","SI_POV_DAY1","Proportion of population below international poverty line (%)","372","Ireland","2013","0.88358","2013","","","","2017","Poverty and Inequality Portal, World Bank","","Accessed March 21, 2023. Survey name: EU-SILC. Uses an income aggregate, which is not spatially deflated.","ALLAGE","URBAN","G","G","BOTHSEX","PERCENT"
"1","1.1","1.1.1","SI_POV_DAY1","Proportion of population below international poverty line (%)","372","Ireland","2013","0.40983","2013","","","","2017","Poverty and Inequality Portal, World Bank","","Accessed March 21, 2023. Survey name: EU-SILC. Uses an income aggregate, which is not spatially deflated.","ALLAGE","RURAL","G","G","BOTHSEX","PERCENT"
"1","1.1","1.1.1","SI_POV_DAY1","Proportion of population below international poverty line (%)","372","Ireland","2013","0.72545","2013","","","","2017","Poverty and Inequality Portal, World Bank","","Accessed March 21, 2023. Survey name: EU-SILC. Uses an income aggregate, which is not spatially deflated.","ALLAGE","ALLAREA","G","G","MALE","PERCENT"
"1","1.1","1.1.1","SI_POV_DAY1","Proportion of population below international poverty line (%)","372","Ireland","2013","0.70011","2013","","","","2017","Poverty and Inequality Portal, World Bank","","Accessed March 21, 2023. Survey name: EU-SILC. Uses an income aggregate, which is not spatially deflated.","ALLAGE","ALLAREA","G","G","FEMALE","PERCENT"
"1","1.1","1.1.1","SI_POV_DAY1","Proportion of population below international poverty line (%)","372","Ireland","2013","0.7","2013","","","","2017","Poverty and Inequality Portal, World Bank","","Accessed March 21, 2023. Based on data from EU-SILC. Estimated from unit-record income data. ","ALLAGE","ALLAREA","G","G","BOTHSEX","PERCENT"
"1","1.1","1.1.1","SI_POV_DAY1","Proportion of population below international poverty line (%)","372","Ireland","2014","0.4","2014","","","","2017","Poverty and Inequality Portal, World Bank","","Accessed March 21, 2023. Based on data from EU-SILC. Estimated from unit-record income data. ","ALLAGE","ALLAREA","G","G","BOTHSEX","PERCENT"
"1","1.1","1.1.1","SI_POV_DAY1","Proportion of population below international poverty line (%)","372","Ireland","2014","0.54465","2014","","","","2017","Poverty and Inequality Portal, World Bank","","Accessed March 21, 2023. Survey name: EU-SILC. Uses an income aggregate, which is not spatially deflated.","15-64","ALLAREA","G","G","BOTHSEX","PERCENT"
"1","1.1","1.1.1","SI_POV_DAY1","Proportion of population below international poverty line (%)","372","Ireland","2014","0.0317","2014","","","","2017","Poverty and Inequality Portal, World Bank","","Accessed March 21, 2023. Survey name: EU-SILC. Uses an income aggregate, which is not spatially deflated.","<15Y","ALLAREA","G","G","BOTHSEX","PERCENT"
"1","1.1","1.1.1","SI_POV_DAY1","Proportion of population below international poverty line (%)","372","Ireland","2014","0.38611","2014","","","","2017","Poverty and Inequality Portal, World Bank","","Accessed March 21, 2023. Survey name: EU-SILC. Uses an income aggregate, which is not spatially deflated.","ALLAGE","ALLAREA","G","G","FEMALE","PERCENT"
"1","1.1","1.1.1","SI_POV_DAY1","Proportion of population below international poverty line (%)","372","Ireland","2014","0.56904","2014","","","","2017","Poverty and Inequality Portal, World Bank","","Accessed March 21, 2023. Survey name: EU-SILC. Uses an income aggregate, which is not spatially deflated.","65+","ALLAREA","G","G","BOTHSEX","PERCENT"
"1","1.1","1.1.1","SI_POV_DAY1","Proportion of population below international poverty line (%)","372","Ireland","2014","0.5323","2014","","","","2017","Poverty and Inequality Portal, World Bank","","Accessed March 21, 2023. Survey name: EU-SILC. Uses an income aggregate, which is not spatially deflated.","ALLAGE","URBAN","G","G","BOTHSEX","PERCENT"
"1","1.1","1.1.1","SI_POV_DAY1","Proportion of population below international poverty line (%)","372","Ireland","2014","0.25873","2014","","","","2017","Poverty and Inequality Portal, World Bank","","Accessed March 21, 2023. Survey name: EU-SILC. Uses an income aggregate, which is not spatially deflated.","ALLAGE","RURAL","G","G","BOTHSEX","PERCENT"
"1","1.1","1.1.1","SI_POV_DAY1","Proportion of population below international poverty line (%)","372","Ireland","2014","0.49167","2014","","","","2017","Poverty and Inequality Portal, World Bank","","Accessed March 21, 2023. Survey name: EU-SILC. Uses an income aggregate, which is not spatially deflated.","ALLAGE","ALLAREA","G","G","MALE","PERCENT"
"1","1.1","1.1.1","SI_POV_DAY1","Proportion of population below international poverty line (%)","372","Ireland","2015","0.65318","2015","","","","2017","Poverty and Inequality Portal, World Bank","","Accessed March 21, 2023. Survey name: EU-SILC. Uses an income aggregate, which is not spatially deflated.","65+","ALLAREA","G","G","BOTHSEX","PERCENT"
"1","1.1","1.1.1","SI_POV_DAY1","Proportion of population below international poverty line (%)","372","Ireland","2015","0.42842","2015","","","","2017","Poverty and Inequality Portal, World Bank","","Accessed March 21, 2023. Survey name: EU-SILC. Uses an income aggregate, which is not spatially deflated.","15-64","ALLAREA","G","G","BOTHSEX","PERCENT"
"1","1.1","1.1.1","SI_POV_DAY1","Proportion of population below international poverty line (%)","372","Ireland","2015","0","2015","","","","2017","Poverty and Inequality Portal, World Bank","","Accessed March 21, 2023. Survey name: EU-SILC. Uses an income aggregate, which is not spatially deflated.","<15Y","ALLAREA","G","G","BOTHSEX","PERCENT"
"1","1.1","1.1.1","SI_POV_DAY1","Proportion of population below international poverty line (%)","372","Ireland","2015","0.39315","2015","","","","2017","Poverty and Inequality Portal, World Bank","","Accessed March 21, 2023. Survey name: EU-SILC. Uses an income aggregate, which is not spatially deflated.","ALLAGE","ALLAREA","G","G","MALE","PERCENT"
"1","1.1","1.1.1","SI_POV_DAY1","Proportion of population below international poverty line (%)","372","Ireland","2015","0.34268","2015","","","","2017","Poverty and Inequality Portal, World Bank","","Accessed March 21, 2023. Survey name: EU-SILC. Uses an income aggregate, which is not spatially deflated.","ALLAGE","ALLAREA","G","G","FEMALE","PERCENT"
"1","1.1","1.1.1","SI_POV_DAY1","Proportion of population below international poverty line (%)","372","Ireland","2015","0.42337","2015","","","","2017","Poverty and Inequality Portal, World Bank","","Accessed March 21, 2023. Survey name: EU-SILC. Uses an income aggregate, which is not spatially deflated.","ALLAGE","URBAN","G","G","BOTHSEX","PERCENT"
"1","1.1","1.1.1","SI_POV_DAY1","Proportion of population below international poverty line (%)","372","Ireland","2015","0.24874","2015","","","","2017","Poverty and Inequality Portal, World Bank","","Accessed March 21, 2023. Survey name: EU-SILC. Uses an income aggregate, which is not spatially deflated.","ALLAGE","RURAL","G","G","BOTHSEX","PERCENT"
"1","1.1","1.1.1","SI_POV_DAY1","Proportion of population below international poverty line (%)","372","Ireland","2015","0.4","2015","","","","2017","Poverty and Inequality Portal, World Bank","","Accessed March 21, 2023. Based on data from EU-SILC. Estimated from unit-record income data. ","ALLAGE","ALLAREA","G","G","BOTHSEX","PERCENT"
"1","1.1","1.1.1","SI_POV_DAY1","Proportion of population below international poverty line (%)","372","Ireland","2016","0.1","2016","","","","2017","Poverty and Inequality Portal, World Bank","","Accessed March 21, 2023. Based on data from EU-SILC. Estimated from unit-record income data. ","ALLAGE","ALLAREA","G","G","BOTHSEX","PERCENT"
"1","1.1","1.1.1","SI_POV_DAY1","Proportion of population below international poverty line (%)","372","Ireland","2016","0","2016","","","","2017","Poverty and Inequality Portal, World Bank","","Accessed March 21, 2023. Survey name: EU-SILC. Uses an income aggregate, which is not spatially deflated.","<15Y","ALLAREA","G","G","BOTHSEX","PERCENT"
"1","1.1","1.1.1","SI_POV_DAY1","Proportion of population below international poverty line (%)","372","Ireland","2016","0.10099","2016","","","","2017","Poverty and Inequality Portal, World Bank","","Accessed March 21, 2023. Survey name: EU-SILC. Uses an income aggregate, which is not spatially deflated.","ALLAGE","RURAL","G","G","BOTHSEX","PERCENT"
"1","1.1","1.1.1","SI_POV_DAY1","Proportion of population below international poverty line (%)","372","Ireland","2016","0.12876","2016","","","","2017","Poverty and Inequality Portal, World Bank","","Accessed March 21, 2023. Survey name: EU-SILC. Uses an income aggregate, which is not spatially deflated.","ALLAGE","ALLAREA","G","G","MALE","PERCENT"
"1","1.1","1.1.1","SI_POV_DAY1","Proportion of population below international poverty line (%)","372","Ireland","2016","0.14058","2016","","","","2017","Poverty and Inequality Portal, World Bank","","Accessed March 21, 2023. Survey name: EU-SILC. Uses an income aggregate, which is not spatially deflated.","ALLAGE","ALLAREA","G","G","FEMALE","PERCENT"
"1","1.1","1.1.1","SI_POV_DAY1","Proportion of population below international poverty line (%)","372","Ireland","2016","0.28569","2016","","","","2017","Poverty and Inequality Portal, World Bank","","Accessed March 21, 2023. Survey name: EU-SILC. Uses an income aggregate, which is not spatially deflated.","65+","ALLAREA","G","G","BOTHSEX","PERCENT"
"1","1.1","1.1.1","SI_POV_DAY1","Proportion of population below international poverty line (%)","372","Ireland","2016","0.14382","2016","","","","2017","Poverty and Inequality Portal, World Bank","","Accessed March 21, 2023. Survey name: EU-SILC. Uses an income aggregate, which is not spatially deflated.","15-64","ALLAREA","G","G","BOTHSEX","PERCENT"
"1","1.1","1.1.1","SI_POV_DAY1","Proportion of population below international poverty line (%)","372","Ireland","2016","0.15742","2016","","","","2017","Poverty and Inequality Portal, World Bank","","Accessed March 21, 2023. Survey name: EU-SILC. Uses an income aggregate, which is not spatially deflated.","ALLAGE","URBAN","G","G","BOTHSEX","PERCENT"
"1","1.1","1.1.1","SI_POV_DAY1","Proportion of population below international poverty line (%)","372","Ireland","2017","0.26071","2017","","","","2017","Poverty and Inequality Portal, World Bank","","Accessed March 21, 2023. Survey name: EU-SILC. Uses an income aggregate, which is not spatially deflated.","ALLAGE","ALLAREA","G","G","MALE","PERCENT"
"1","1.1","1.1.1","SI_POV_DAY1","Proportion of population below international poverty line (%)","372","Ireland","2017","0.19328","2017","","","","2017","Poverty and Inequality Portal, World Bank","","Accessed March 21, 2023. Survey name: EU-SILC. Uses an income aggregate, which is not spatially deflated.","ALLAGE","RURAL","G","G","BOTHSEX","PERCENT"
"1","1.1","1.1.1","SI_POV_DAY1","Proportion of population below international poverty line (%)","372","Ireland","2017","0.53186","2017","","","","2017","Poverty and Inequality Portal, World Bank","","Accessed March 21, 2023. Survey name: EU-SILC. Uses an income aggregate, which is not spatially deflated.","65+","ALLAREA","G","G","BOTHSEX","PERCENT"
"1","1.1","1.1.1","SI_POV_DAY1","Proportion of population below international poverty line (%)","372","Ireland","2017","0.24653","2017","","","","2017","Poverty and Inequality Portal, World Bank","","Accessed March 21, 2023. Survey name: EU-SILC. Uses an income aggregate, which is not spatially deflated.","15-64","ALLAREA","G","G","BOTHSEX","PERCENT"
"1","1.1","1.1.1","SI_POV_DAY1","Proportion of population below international poverty line (%)","372","Ireland","2017","0.02189","2017","","","","2017","Poverty and Inequality Portal, World Bank","","Accessed March 21, 2023. Survey name: EU-SILC. Uses an income aggregate, which is not spatially deflated.","<15Y","ALLAREA","G","G","BOTHSEX","PERCENT"
"1","1.1","1.1.1","SI_POV_DAY1","Proportion of population below international poverty line (%)","372","Ireland","2017","0.27729","2017","","","","2017","Poverty and Inequality Portal, World Bank","","Accessed March 21, 2023. Survey name: EU-SILC. Uses an income aggregate, which is not spatially deflated.","ALLAGE","URBAN","G","G","BOTHSEX","PERCENT"
"1","1.1","1.1.1","SI_POV_DAY1","Proportion of population below international poverty line (%)","372","Ireland","2017","0.226","2017","","","","2017","Poverty and Inequality Portal, World Bank","","Accessed March 21, 2023. Survey name: EU-SILC. Uses an income aggregate, which is not spatially deflated.","ALLAGE","ALLAREA","G","G","FEMALE","PERCENT"
"1","1.1","1.1.1","SI_POV_DAY1","Proportion of population below international poverty line (%)","372","Ireland","2017","0.2","2017","","","","2017","Poverty and Inequality Portal, World Bank","","Accessed March 21, 2023. Based on data from EU-SILC. Estimated from unit-record income data. ","ALLAGE","ALLAREA","G","G","BOTHSEX","PERCENT"
"1","1.1","1.1.1","SI_POV_DAY1","Proportion of population below international poverty line (%)","372","Ireland","2018","0","2018","","","","2017","Poverty and Inequality Portal, World Bank","","Accessed March 21, 2023. Based on data from EU-SILC. Estimated from unit-record income data. ","ALLAGE","ALLAREA","G","G","BOTHSEX","PERCENT"
"1","1.1","1.1.1","SI_POV_DAY1","Proportion of population below international poverty line (%)","372","Ireland","2018","0","2018","","","","2017","Poverty and Inequality Portal, World Bank","","Accessed March 21, 2023. Survey name: EU-SILC. Uses an income aggregate, which is not spatially deflated.","ALLAGE","URBAN","G","G","BOTHSEX","PERCENT"
"1","1.1","1.1.1","SI_POV_DAY1","Proportion of population below international poverty line (%)","372","Ireland","2018","0.00964","2018","","","","2017","Poverty and Inequality Portal, World Bank","","Accessed March 21, 2023. Survey name: EU-SILC. Uses an income aggregate, which is not spatially deflated.","ALLAGE","RURAL","G","G","BOTHSEX","PERCENT"
"1","1.1","1.1.1","SI_POV_DAY1","Proportion of population below international poverty line (%)","372","Ireland","2018","0.00792","2018","","","","2017","Poverty and Inequality Portal, World Bank","","Accessed March 21, 2023. Survey name: EU-SILC. Uses an income aggregate, which is not spatially deflated.","ALLAGE","ALLAREA","G","G","MALE","PERCENT"
"1","1.1","1.1.1","SI_POV_DAY1","Proportion of population below international poverty line (%)","372","Ireland","2018","0","2018","","","","2017","Poverty and Inequality Portal, World Bank","","Accessed March 21, 2023. Survey name: EU-SILC. Uses an income aggregate, which is not spatially deflated.","ALLAGE","ALLAREA","G","G","FEMALE","PERCENT"
"1","1.1","1.1.1","SI_POV_DAY1","Proportion of population below international poverty line (%)","372","Ireland","2018","0.02682","2018","","","","2017","Poverty and Inequality Portal, World Bank","","Accessed March 21, 2023. Survey name: EU-SILC. Uses an income aggregate, which is not spatially deflated.","65+","ALLAREA","G","G","BOTHSEX","PERCENT"
"1","1.1","1.1.1","SI_POV_DAY1","Proportion of population below international poverty line (%)","372","Ireland","2018","0","2018","","","","2017","Poverty and Inequality Portal, World Bank","","Accessed March 21, 2023. Survey name: EU-SILC. Uses an income aggregate, which is not spatially deflated.","15-64","ALLAREA","G","G","BOTHSEX","PERCENT"
"1","1.1","1.1.1","SI_POV_DAY1","Proportion of population below international poverty line (%)","372","Ireland","2018","0","2018","","","","2017","Poverty and Inequality Portal, World Bank","","Accessed March 21, 2023. Survey name: EU-SILC. Uses an income aggregate, which is not spatially deflated.","<15Y","ALLAREA","G","G","BOTHSEX","PERCENT"
"1","1.1","1.1.1","SI_POV_DAY1","Proportion of population below international poverty line (%)","372","Ireland","2019","0.08364","2019","","","","2017","Poverty and Inequality Portal, World Bank","","Accessed March 21, 2023. Survey name: EU-SILC. Uses an income aggregate, which is not spatially deflated.","ALLAGE","ALLAREA","G","G","FEMALE","PERCENT"
"1","1.1","1.1.1","SI_POV_DAY1","Proportion of population below international poverty line (%)","372","Ireland","2019","0.27509","2019","","","","2017","Poverty and Inequality Portal, World Bank","","Accessed March 21, 2023. Survey name: EU-SILC. Uses an income aggregate, which is not spatially deflated.","65+","ALLAREA","G","G","BOTHSEX","PERCENT"
"1","1.1","1.1.1","SI_POV_DAY1","Proportion of population below international poverty line (%)","372","Ireland","2019","0.0249","2019","","","","2017","Poverty and Inequality Portal, World Bank","","Accessed March 21, 2023. Survey name: EU-SILC. Uses an income aggregate, which is not spatially deflated.","15-64","ALLAREA","G","G","BOTHSEX","PERCENT"
"1","1.1","1.1.1","SI_POV_DAY1","Proportion of population below international poverty line (%)","372","Ireland","2019","0","2019","","","","2017","Poverty and Inequality Portal, World Bank","","Accessed March 21, 2023. Survey name: EU-SILC. Uses an income aggregate, which is not spatially deflated.","<15Y","ALLAREA","G","G","BOTHSEX","PERCENT"
"1","1.1","1.1.1","SI_POV_DAY1","Proportion of population below international poverty line (%)","372","Ireland","2019","0.03188","2019","","","","2017","Poverty and Inequality Portal, World Bank","","Accessed March 21, 2023. Survey name: EU-SILC. Uses an income aggregate, which is not spatially deflated.","ALLAGE","ALLAREA","G","G","MALE","PERCENT"
"1","1.1","1.1.1","SI_POV_DAY1","Proportion of population below international poverty line (%)","372","Ireland","2019","0.01946","2019","","","","2017","Poverty and Inequality Portal, World Bank","","Accessed March 21, 2023. Survey name: EU-SILC. Uses an income aggregate, which is not spatially deflated.","ALLAGE","URBAN","G","G","BOTHSEX","PERCENT"
"1","1.1","1.1.1","SI_POV_DAY1","Proportion of population below international poverty line (%)","372","Ireland","2019","0.11705","2019","","","","2017","Poverty and Inequality Portal, World Bank","","Accessed March 21, 2023. Survey name: EU-SILC. Uses an income aggregate, which is not spatially deflated.","ALLAGE","RURAL","G","G","BOTHSEX","PERCENT"
"1","1.1","1.1.1","SI_POV_DAY1","Proportion of population below international poverty line (%)","372","Ireland","2019","0.1","2019","","","","2017","Poverty and Inequality Portal, World Bank","","Accessed March 21, 2023. Based on data from EU-SILC. Estimated from unit-record income data. ","ALLAGE","ALLAREA","G","G","BOTHSEX","PERCENT"
"1","1.1","1.1.1","SI_POV_DAY1","Proportion of population below international poverty line (%)","372","Ireland","2020","0.1","2020","","","","2017","Poverty and Inequality Portal, World Bank","","Accessed March 21, 2023. Based on data from EU-SILC. Estimated from unit-record income data. ","ALLAGE","ALLAREA","G","G","BOTHSEX","PERCENT"
"1","1.1","1.1.1","SI_POV_DAY1","Proportion of population below international poverty line (%)","372","Ireland","2020","0.19191","2020","","","","2017","Poverty and Inequality Portal, World Bank","","Accessed March 21, 2023. Survey name: EU-SILC. Uses an income aggregate, which is not spatially deflated.","ALLAGE","ALLAREA","G","G","FEMALE","PERCENT"
"1","1.1","1.1.1","SI_POV_DAY1","Proportion of population below international poverty line (%)","372","Ireland","2020","0.18929","2020","","","","2017","Poverty and Inequality Portal, World Bank","","Accessed March 21, 2023. Survey name: EU-SILC. Uses an income aggregate, which is not spatially deflated.","65+","ALLAREA","G","G","BOTHSEX","PERCENT"
"1","1.1","1.1.1","SI_POV_DAY1","Proportion of population below international poverty line (%)","372","Ireland","2020","0.15064","2020","","","","2017","Poverty and Inequality Portal, World Bank","","Accessed March 21, 2023. Survey name: EU-SILC. Uses an income aggregate, which is not spatially deflated.","15-64","ALLAREA","G","G","BOTHSEX","PERCENT"
"1","1.1","1.1.1","SI_POV_DAY1","Proportion of population below international poverty line (%)","372","Ireland","2020","0.08503","2020","","","","2017","Poverty and Inequality Portal, World Bank","","Accessed March 21, 2023. Survey name: EU-SILC. Uses an income aggregate, which is not spatially deflated.","<15Y","ALLAREA","G","G","BOTHSEX","PERCENT"
"1","1.1","1.1.1","SI_POV_DAY1","Proportion of population below international poverty line (%)","372","Ireland","2020","0.10854","2020","","","","2017","Poverty and Inequality Portal, World Bank","","Accessed March 21, 2023. Survey name: EU-SILC. Uses an income aggregate, which is not spatially deflated.","ALLAGE","URBAN","G","G","BOTHSEX","PERCENT"
"1","1.1","1.1.1","SI_POV_DAY1","Proportion of population below international poverty line (%)","372","Ireland","2020","0.19978","2020","","","","2017","Poverty and Inequality Portal, World Bank","","Accessed March 21, 2023. Survey name: EU-SILC. Uses an income aggregate, which is not spatially deflated.","ALLAGE","RURAL","G","G","BOTHSEX","PERCENT"
"1","1.1","1.1.1","SI_POV_DAY1","Proportion of population below international poverty line (%)","372","Ireland","2020","0.09574","2020","","","","2017","Poverty and Inequality Portal, World Bank","","Accessed March 21, 2023. Survey name: EU-SILC. Uses an income aggregate, which is not spatially deflated.","ALLAGE","ALLAREA","G","G","MALE","PERCENT"
                                                                                                                                                                                                                                                                                                                                                                                                                                                                                                                                                                                                                                                                                                                                                                                                                                                                                                                                                                                                                                                                                                                                                                                                                                                                                                                                                                                                                                                                                                                                                                                                                                                                                                                                                                                                                                                                                                                                                                                                                                                                                                                                                                                                                                                                                                                                                                                                                                                                                                                                                                                                                                                                                                                                                                                                                                                                                                                                                                                                                                                                                                                                                                                                                                                                                                                                                                                                                                                                                                                                                                                                                                                                                                                                                                                                                                                                                                                                                                                                                                                                                                                                                                                                                                                                                                                                                                                                                                                                                                                                                                                                                                                                                                                                                                                                                                                                                                                                                                                                                                                                                                                                                                                                                                                                                                                                                                                                                                                                                                                                                                                                                                                                                                                                                                                                                                                                                                                                                                                                                                                                                                                                                                                                                                                                                                                                                                                                                                                                                                                                                                                                                                                                                                                                                                                                                                                                                                                                                                                                                                                                                                                                                                                                                                                                                                                                                                                                                                                                                                                                                                                                                                                                                                                                                                                                                                                                                                                                                                                                                                                                                                                                                                                                                                                                                                                                                                                                                                                                                                                                                                                                                                                                                                                                                                                                                                                                                                                                                                                                                                                                                                                                                                                                                                                                                                                                                                                                                                                                                                                                                                                                                                                                                                                                                                                                                                                                                                                                                                                                                                                                                                                                                                                                                                                                                                                                                                                                                                                                                                                                                                                                                                                                                                                                                                                                                                                                                                                                                                                                                                                                                                                                                                                                                                                                                                                                                                                                                                                                                                                                                                                                                                                                                                                                                                                                                                                                                                                                                                                                                                                                                                                                                                                                                                                                                                                                                                                                                                                                                                                                                                                                                                                                                                                                                                                                                                                                                                                                                                                                                                                                                                                                                                                                                                                                                                                                                                                                                                                                                                                                                                                                                                                                                                          